{
    "root_group": {
        "name": "",
        "path": "",
        "id": "d41d8cd98f00b204e9800998ecf8427e",
        "groups": {},
        "checks": {
                "status 200 or 403": {
                    "id": "d96a10ff96b4a0a1cfad77ef04255fe7",
                    "passes": 9259,
                    "fails": 0,
                    "name": "status 200 or 403",
                    "path": "::status 200 or 403"
                },
                "has commentCount when 200": {
                    "passes": 9259,
                    "fails": 0,
                    "name": "has commentCount when 200",
                    "path": "::has commentCount when 200",
                    "id": "7ceb216590dfa03c8ad399c2b3b17c8c"
                },
                "has reactionCounts map when 200": {
                    "path": "::has reactionCounts map when 200",
                    "id": "4b67b876312f41ff6ba8f2ba3b4ca609",
                    "passes": 9259,
                    "fails": 0,
                    "name": "has reactionCounts map when 200"
                }
            }
    },
    "metrics": {
        "http_reqs": {
            "count": 9259,
            "rate": 153.27859250819137
        },
        "vus": {
            "value": 40,
            "min": 40,
            "max": 40
        },
        "http_req_blocked": {
            "min": 0.001,
            "med": 0.003,
            "max": 1.772,
            "p(90)": 0.004,
            "p(95)": 0.005,
            "avg": 0.00928361594124619
        },
        "http_req_tls_handshaking": {
            "max": 0,
            "p(90)": 0,
            "p(95)": 0,
            "avg": 0,
            "min": 0,
            "med": 0
        },
        "iterations": {
            "count": 9259,
            "rate": 153.27859250819137
        },
        "data_sent": {
            "count": 2406112,
            "rate": 39832.105062865245
        },
        "http_req_failed": {
            "passes": 1406,
            "fails": 7853,
            "thresholds": {
                "rate<0.01": true
            },
            "value": 0.15185225186305218
        },
        "http_req_sending": {
            "p(90)": 0.015,
            "p(95)": 0.019,
            "avg": 0.010915001620045666,
            "min": 0.003,
            "med": 0.01,
            "max": 0.292
        },
        "http_req_duration{expected_response:true}": {
            "med": 8.035,
            "max": 154.805,
            "p(90)": 11.3424,
            "p(95)": 12.8318,
            "avg": 8.974142747994344,
            "min": 4.453
        },
        "http_req_duration": {
            "max": 154.805,
            "p(90)": 11.0632,
            "p(95)": 12.591399999999998,
            "avg": 8.410982935522151,
            "min": 2.86,
            "med": 7.659,
            "thresholds": {
                "p(95)<400": false,
                "p(99)<800": false
            }
        },
        "http_req_waiting": {
            "p(90)": 10.8942,
            "p(95)": 12.399899999999995,
            "avg": 8.274737552651498,
            "min": 2.793,
            "med": 7.533,
            "max": 154.679
        },
        "http_req_receiving": {
            "min": 0.017,
            "med": 0.109,
            "max": 6.093,
            "p(90)": 0.185,
            "p(95)": 0.23,
            "avg": 0.1253303812506752
        },
        "checks": {
            "passes": 27777,
            "fails": 0,
            "value": 1
        },
        "http_req_connecting": {
            "max": 0.929,
            "p(90)": 0,
            "p(95)": 0,
            "avg": 0.0048916729668430714,
            "min": 0,
            "med": 0
        },
        "data_received": {
            "count": 8463517,
            "rate": 140109.7282027379
        },
        "iteration_duration": {
            "min": 5.398917,
            "med": 260.066708,
            "max": 627.29425,
            "p(90)": 460.679384,
            "p(95)": 483.76007949999996,
            "avg": 259.9109493002485
        },
        "vus_max": {
            "value": 40,
            "min": 40,
            "max": 40
        }
    }
}