{
    "metrics": {
        "vus": {
            "value": 15,
            "min": 15,
            "max": 15
        },
        "iteration_duration": {
            "p(95)": 295.6146413,
            "avg": 160.1150891457741,
            "min": 8.199125,
            "med": 158.2264165,
            "max": 379.366625,
            "p(90)": 281.1335413
        },
        "iterations": {
            "count": 5632,
            "rate": 93.46919514558972
        },
        "data_received": {
            "count": 3556126,
            "rate": 59017.79741766786
        },
        "http_req_duration": {
            "p(95)": 15.030299999999997,
            "avg": 10.070836115056814,
            "min": 5.204,
            "med": 9.2195,
            "max": 97.339,
            "p(90)": 13.224200000000003,
            "thresholds": {
                "p(95)<500": false,
                "p(99)<1000": false
            }
        },
        "data_sent": {
            "count": 1945854,
            "rate": 32293.57373061547
        },
        "http_req_duration{expected_response:true}": {
            "p(95)": 15.030299999999997,
            "avg": 10.070836115056814,
            "min": 5.204,
            "med": 9.2195,
            "max": 97.339,
            "p(90)": 13.224200000000003
        },
        "http_req_receiving": {
            "max": 3.014,
            "p(90)": 0.238,
            "p(95)": 0.285,
            "avg": 0.15826722301136328,
            "min": 0.013,
            "med": 0.139
        },
        "http_req_waiting": {
            "min": 5.059,
            "med": 9.064,
            "max": 97.134,
            "p(90)": 13.0286,
            "p(95)": 14.853799999999994,
            "avg": 9.897018288352255
        },
        "http_req_sending": {
            "min": 0.003,
            "med": 0.015,
            "max": 0.448,
            "p(90)": 0.021,
            "p(95)": 0.025,
            "avg": 0.015550603693182237
        },
        "http_req_tls_handshaking": {
            "max": 0,
            "p(90)": 0,
            "p(95)": 0,
            "avg": 0,
            "min": 0,
            "med": 0
        },
        "vus_max": {
            "value": 15,
            "min": 15,
            "max": 15
        },
        "http_reqs": {
            "count": 5632,
            "rate": 93.46919514558972
        },
        "http_req_connecting": {
            "avg": 0.002415660511363636,
            "min": 0,
            "med": 0,
            "max": 0.397,
            "p(90)": 0,
            "p(95)": 0
        },
        "http_req_failed": {
            "passes": 0,
            "fails": 5632,
            "thresholds": {
                "rate<0.01": false
            },
            "value": 0
        },
        "http_req_blocked": {
            "max": 0.748,
            "p(90)": 0.004,
            "p(95)": 0.006,
            "avg": 0.006719992897727365,
            "min": 0.001,
            "med": 0.003
        },
        "checks": {
            "passes": 11264,
            "fails": 0,
            "value": 1
        }
    },
    "root_group": {
        "name": "",
        "path": "",
        "id": "d41d8cd98f00b204e9800998ecf8427e",
        "groups": {},
        "checks": {
                "status 200 or 403": {
                    "id": "d96a10ff96b4a0a1cfad77ef04255fe7",
                    "passes": 5632,
                    "fails": 0,
                    "name": "status 200 or 403",
                    "path": "::status 200 or 403"
                },
                "response has reactionCounts when 200": {
                    "name": "response has reactionCounts when 200",
                    "path": "::response has reactionCounts when 200",
                    "id": "f1bb474acc14a92e28c9f08037ef7603",
                    "passes": 5632,
                    "fails": 0
                }
            }
    }
}